Validator,PT_VERSION,2.11.0
Validator,HIP_VERSION,714
Validator,HIPBLASLT_VERSION,100401-cd957402
Validator,GCN_ARCH_NAME,gfx1201
Validator,ROCBLAS_VERSION,5.5.0.cd957402
ScaledGemmTunableOp_Float8_e4m3fn_Float8_e4m3fn_BFloat16_TN,tn_5120_1_10240_ld_10240_10240_5120_rw_1_bias_None,Gemm_Hipblaslt_123373,0.0466837
ScaledGemmTunableOp_Float8_e4m3fn_Float8_e4m3fn_BFloat16_TN,tn_5120_2_10240_ld_10240_10240_5120_rw_1_bias_None,Gemm_Hipblaslt_123373,0.0469369
ScaledGemmTunableOp_Float8_e4m3fn_Float8_e4m3fn_BFloat16_TN,tn_5120_3_10240_ld_10240_10240_5120_rw_1_bias_None,Gemm_Hipblaslt_123373,0.0514861
ScaledGemmTunableOp_Float8_e4m3fn_Float8_e4m3fn_BFloat16_TN,tn_5120_4_10240_ld_10240_10240_5120_rw_1_bias_None,Gemm_Hipblaslt_123373,0.0473433
ScaledGemmTunableOp_Float8_e4m3fn_Float8_e4m3fn_BFloat16_TN,tn_5120_5_10240_ld_10240_10240_5120_rw_1_bias_None,Gemm_Hipblaslt_123373,0.0514113
ScaledGemmTunableOp_Float8_e4m3fn_Float8_e4m3fn_BFloat16_TN,tn_5120_6_10240_ld_10240_10240_5120_rw_1_bias_None,Gemm_Hipblaslt_123373,0.0476525
ScaledGemmTunableOp_Float8_e4m3fn_Float8_e4m3fn_BFloat16_TN,tn_5120_7_10240_ld_10240_10240_5120_rw_1_bias_None,Gemm_Hipblaslt_123373,0.0515745
ScaledGemmTunableOp_Float8_e4m3fn_Float8_e4m3fn_BFloat16_TN,tn_5120_8_10240_ld_10240_10240_5120_rw_1_bias_None,Gemm_Hipblaslt_123373,0.0480244
ScaledGemmTunableOp_Float8_e4m3fn_Float8_e4m3fn_BFloat16_TN,tn_5120_9_10240_ld_10240_10240_5120_rw_1_bias_None,Gemm_Hipblaslt_123373,0.0513429
ScaledGemmTunableOp_Float8_e4m3fn_Float8_e4m3fn_BFloat16_TN,tn_5120_10_10240_ld_10240_10240_5120_rw_1_bias_None,Gemm_Hipblaslt_123373,0.0512953
ScaledGemmTunableOp_Float8_e4m3fn_Float8_e4m3fn_BFloat16_TN,tn_5120_11_10240_ld_10240_10240_5120_rw_1_bias_None,Gemm_Hipblaslt_123373,0.0487313
ScaledGemmTunableOp_Float8_e4m3fn_Float8_e4m3fn_BFloat16_TN,tn_5120_12_10240_ld_10240_10240_5120_rw_1_bias_None,Gemm_Hipblaslt_123373,0.0491729
ScaledGemmTunableOp_Float8_e4m3fn_Float8_e4m3fn_BFloat16_TN,tn_5120_16_10240_ld_10240_10240_5120_rw_1_bias_None,Gemm_Hipblaslt_123373,0.0496457
ScaledGemmTunableOp_Float8_e4m3fn_Float8_e4m3fn_BFloat16_TN,tn_14336_1_5120_ld_5120_5120_14336_rw_1_bias_None,Gemm_Hipblaslt_123375,0.0825981
ScaledGemmTunableOp_Float8_e4m3fn_Float8_e4m3fn_BFloat16_TN,tn_14336_2_5120_ld_5120_5120_14336_rw_1_bias_None,Gemm_Hipblaslt_123375,0.0860065
ScaledGemmTunableOp_Float8_e4m3fn_Float8_e4m3fn_BFloat16_TN,tn_14336_3_5120_ld_5120_5120_14336_rw_1_bias_None,Gemm_Hipblaslt_123375,0.0883765
ScaledGemmTunableOp_Float8_e4m3fn_Float8_e4m3fn_BFloat16_TN,tn_14336_4_5120_ld_5120_5120_14336_rw_1_bias_None,Gemm_Hipblaslt_123375,0.0896342
ScaledGemmTunableOp_Float8_e4m3fn_Float8_e4m3fn_BFloat16_TN,tn_14336_5_5120_ld_5120_5120_14336_rw_1_bias_None,Gemm_Hipblaslt_123375,0.0905585
ScaledGemmTunableOp_Float8_e4m3fn_Float8_e4m3fn_BFloat16_TN,tn_14336_6_5120_ld_5120_5120_14336_rw_1_bias_None,Gemm_Hipblaslt_123375,0.0915897
ScaledGemmTunableOp_Float8_e4m3fn_Float8_e4m3fn_BFloat16_TN,tn_14336_7_5120_ld_5120_5120_14336_rw_1_bias_None,Gemm_Hipblaslt_123375,0.0932998
ScaledGemmTunableOp_Float8_e4m3fn_Float8_e4m3fn_BFloat16_TN,tn_14336_8_5120_ld_5120_5120_14336_rw_1_bias_None,Gemm_Hipblaslt_123375,0.0944014
ScaledGemmTunableOp_Float8_e4m3fn_Float8_e4m3fn_BFloat16_TN,tn_14336_9_5120_ld_5120_5120_14336_rw_1_bias_None,Gemm_Hipblaslt_123375,0.0953046
ScaledGemmTunableOp_Float8_e4m3fn_Float8_e4m3fn_BFloat16_TN,tn_14336_10_5120_ld_5120_5120_14336_rw_1_bias_None,Gemm_Hipblaslt_123375,0.0970202
ScaledGemmTunableOp_Float8_e4m3fn_Float8_e4m3fn_BFloat16_TN,tn_14336_11_5120_ld_5120_5120_14336_rw_1_bias_None,Gemm_Hipblaslt_123375,0.097963
ScaledGemmTunableOp_Float8_e4m3fn_Float8_e4m3fn_BFloat16_TN,tn_14336_12_5120_ld_5120_5120_14336_rw_1_bias_None,Gemm_Hipblaslt_123375,0.0994298
ScaledGemmTunableOp_Float8_e4m3fn_Float8_e4m3fn_BFloat16_TN,tn_14336_16_5120_ld_5120_5120_14336_rw_1_bias_None,Gemm_Hipblaslt_123375,0.104115
ScaledGemmTunableOp_Float8_e4m3fn_Float8_e4m3fn_BFloat16_TN,tn_5120_1_6144_ld_6144_6144_5120_rw_1_bias_None,Gemm_Hipblaslt_123373,0.0338763
ScaledGemmTunableOp_Float8_e4m3fn_Float8_e4m3fn_BFloat16_TN,tn_5120_2_6144_ld_6144_6144_5120_rw_1_bias_None,Gemm_Hipblaslt_123373,0.0340311
ScaledGemmTunableOp_Float8_e4m3fn_Float8_e4m3fn_BFloat16_TN,tn_5120_3_6144_ld_6144_6144_5120_rw_1_bias_None,Gemm_Hipblaslt_123373,0.0377223
ScaledGemmTunableOp_Float8_e4m3fn_Float8_e4m3fn_BFloat16_TN,tn_5120_4_6144_ld_6144_6144_5120_rw_1_bias_None,Gemm_Hipblaslt_123373,0.03434
ScaledGemmTunableOp_Float8_e4m3fn_Float8_e4m3fn_BFloat16_TN,tn_5120_5_6144_ld_6144_6144_5120_rw_1_bias_None,Gemm_Hipblaslt_123373,0.0345827
ScaledGemmTunableOp_Float8_e4m3fn_Float8_e4m3fn_BFloat16_TN,tn_5120_6_6144_ld_6144_6144_5120_rw_1_bias_None,Gemm_Hipblaslt_123373,0.0346776
ScaledGemmTunableOp_Float8_e4m3fn_Float8_e4m3fn_BFloat16_TN,tn_5120_7_6144_ld_6144_6144_5120_rw_1_bias_None,Gemm_Hipblaslt_123373,0.0346652
ScaledGemmTunableOp_Float8_e4m3fn_Float8_e4m3fn_BFloat16_TN,tn_5120_8_6144_ld_6144_6144_5120_rw_1_bias_None,Gemm_Hipblaslt_123373,0.0348352
ScaledGemmTunableOp_Float8_e4m3fn_Float8_e4m3fn_BFloat16_TN,tn_5120_9_6144_ld_6144_6144_5120_rw_1_bias_None,Gemm_Hipblaslt_123373,0.0348143
ScaledGemmTunableOp_Float8_e4m3fn_Float8_e4m3fn_BFloat16_TN,tn_5120_10_6144_ld_6144_6144_5120_rw_1_bias_None,Gemm_Hipblaslt_123373,0.0352856
ScaledGemmTunableOp_Float8_e4m3fn_Float8_e4m3fn_BFloat16_TN,tn_5120_11_6144_ld_6144_6144_5120_rw_1_bias_None,Gemm_Hipblaslt_123373,0.034954
ScaledGemmTunableOp_Float8_e4m3fn_Float8_e4m3fn_BFloat16_TN,tn_5120_12_6144_ld_6144_6144_5120_rw_1_bias_None,Gemm_Hipblaslt_123374,0.0357192
ScaledGemmTunableOp_Float8_e4m3fn_Float8_e4m3fn_BFloat16_TN,tn_5120_16_6144_ld_6144_6144_5120_rw_1_bias_None,Gemm_Hipblaslt_123374,0.0360516
ScaledGemmTunableOp_Float8_e4m3fn_Float8_e4m3fn_BFloat16_TN,tn_34816_1_5120_ld_5120_5120_34816_rw_1_bias_None,Gemm_Hipblaslt_123372,0.35495
ScaledGemmTunableOp_Float8_e4m3fn_Float8_e4m3fn_BFloat16_TN,tn_34816_2_5120_ld_5120_5120_34816_rw_1_bias_None,Gemm_Hipblaslt_123374,0.370606
ScaledGemmTunableOp_Float8_e4m3fn_Float8_e4m3fn_BFloat16_TN,tn_34816_3_5120_ld_5120_5120_34816_rw_1_bias_None,Gemm_Hipblaslt_123372,0.365059
ScaledGemmTunableOp_Float8_e4m3fn_Float8_e4m3fn_BFloat16_TN,tn_34816_4_5120_ld_5120_5120_34816_rw_1_bias_None,Gemm_Hipblaslt_123374,0.384108
ScaledGemmTunableOp_Float8_e4m3fn_Float8_e4m3fn_BFloat16_TN,tn_34816_5_5120_ld_5120_5120_34816_rw_1_bias_None,Gemm_Hipblaslt_123374,0.375121
ScaledGemmTunableOp_Float8_e4m3fn_Float8_e4m3fn_BFloat16_TN,tn_34816_6_5120_ld_5120_5120_34816_rw_1_bias_None,Gemm_Hipblaslt_123372,0.395505
ScaledGemmTunableOp_Float8_e4m3fn_Float8_e4m3fn_BFloat16_TN,tn_34816_7_5120_ld_5120_5120_34816_rw_1_bias_None,Gemm_Hipblaslt_123374,0.384174
ScaledGemmTunableOp_Float8_e4m3fn_Float8_e4m3fn_BFloat16_TN,tn_34816_8_5120_ld_5120_5120_34816_rw_1_bias_None,Gemm_Hipblaslt_123372,0.403333
ScaledGemmTunableOp_Float8_e4m3fn_Float8_e4m3fn_BFloat16_TN,tn_34816_9_5120_ld_5120_5120_34816_rw_1_bias_None,Gemm_Hipblaslt_123372,0.389069
ScaledGemmTunableOp_Float8_e4m3fn_Float8_e4m3fn_BFloat16_TN,tn_34816_10_5120_ld_5120_5120_34816_rw_1_bias_None,Gemm_Hipblaslt_123372,0.410413
ScaledGemmTunableOp_Float8_e4m3fn_Float8_e4m3fn_BFloat16_TN,tn_34816_11_5120_ld_5120_5120_34816_rw_1_bias_None,Gemm_Hipblaslt_123374,0.414583
ScaledGemmTunableOp_Float8_e4m3fn_Float8_e4m3fn_BFloat16_TN,tn_34816_12_5120_ld_5120_5120_34816_rw_1_bias_None,Gemm_Hipblaslt_123374,0.416106
ScaledGemmTunableOp_Float8_e4m3fn_Float8_e4m3fn_BFloat16_TN,tn_34816_16_5120_ld_5120_5120_34816_rw_1_bias_None,Gemm_Hipblaslt_123374,0.428853
ScaledGemmTunableOp_Float8_e4m3fn_Float8_e4m3fn_BFloat16_TN,tn_5120_1_17408_ld_17408_17408_5120_rw_1_bias_None,Gemm_Hipblaslt_123373,0.16411
ScaledGemmTunableOp_Float8_e4m3fn_Float8_e4m3fn_BFloat16_TN,tn_5120_2_17408_ld_17408_17408_5120_rw_1_bias_None,Gemm_Hipblaslt_123373,0.174504
ScaledGemmTunableOp_Float8_e4m3fn_Float8_e4m3fn_BFloat16_TN,tn_5120_3_17408_ld_17408_17408_5120_rw_1_bias_None,Gemm_Hipblaslt_123373,0.164135
ScaledGemmTunableOp_Float8_e4m3fn_Float8_e4m3fn_BFloat16_TN,tn_5120_4_17408_ld_17408_17408_5120_rw_1_bias_None,Gemm_Hipblaslt_123373,0.164364
ScaledGemmTunableOp_Float8_e4m3fn_Float8_e4m3fn_BFloat16_TN,tn_5120_5_17408_ld_17408_17408_5120_rw_1_bias_None,Gemm_Hipblaslt_123373,0.164675
ScaledGemmTunableOp_Float8_e4m3fn_Float8_e4m3fn_BFloat16_TN,tn_5120_6_17408_ld_17408_17408_5120_rw_1_bias_None,Gemm_Hipblaslt_123373,0.165417
ScaledGemmTunableOp_Float8_e4m3fn_Float8_e4m3fn_BFloat16_TN,tn_5120_7_17408_ld_17408_17408_5120_rw_1_bias_None,Gemm_Hipblaslt_123373,0.16573
ScaledGemmTunableOp_Float8_e4m3fn_Float8_e4m3fn_BFloat16_TN,tn_5120_8_17408_ld_17408_17408_5120_rw_1_bias_None,Gemm_Hipblaslt_123373,0.166335
ScaledGemmTunableOp_Float8_e4m3fn_Float8_e4m3fn_BFloat16_TN,tn_5120_9_17408_ld_17408_17408_5120_rw_1_bias_None,Gemm_Hipblaslt_123373,0.166771
ScaledGemmTunableOp_Float8_e4m3fn_Float8_e4m3fn_BFloat16_TN,tn_5120_10_17408_ld_17408_17408_5120_rw_1_bias_None,Gemm_Hipblaslt_123373,0.167979
ScaledGemmTunableOp_Float8_e4m3fn_Float8_e4m3fn_BFloat16_TN,tn_5120_11_17408_ld_17408_17408_5120_rw_1_bias_None,Gemm_Hipblaslt_123373,0.167934
ScaledGemmTunableOp_Float8_e4m3fn_Float8_e4m3fn_BFloat16_TN,tn_5120_12_17408_ld_17408_17408_5120_rw_1_bias_None,Gemm_Hipblaslt_123373,0.168329
ScaledGemmTunableOp_Float8_e4m3fn_Float8_e4m3fn_BFloat16_TN,tn_5120_16_17408_ld_17408_17408_5120_rw_1_bias_None,Gemm_Hipblaslt_123373,0.171155
ScaledGemmTunableOp_Float8_e4m3fn_Float8_e4m3fn_BFloat16_TN,tn_248320_1_5120_ld_5120_5120_248320_rw_1_bias_None,Gemm_Hipblaslt_123374,2.15649
ScaledGemmTunableOp_Float8_e4m3fn_Float8_e4m3fn_BFloat16_TN,tn_248320_2_5120_ld_5120_5120_248320_rw_1_bias_None,Gemm_Hipblaslt_123374,2.18554
ScaledGemmTunableOp_Float8_e4m3fn_Float8_e4m3fn_BFloat16_TN,tn_248320_3_5120_ld_5120_5120_248320_rw_1_bias_None,Gemm_Hipblaslt_123372,2.20147
ScaledGemmTunableOp_Float8_e4m3fn_Float8_e4m3fn_BFloat16_TN,tn_248320_4_5120_ld_5120_5120_248320_rw_1_bias_None,Gemm_Hipblaslt_123374,2.22374
ScaledGemmTunableOp_Float8_e4m3fn_Float8_e4m3fn_BFloat16_TN,tn_248320_5_5120_ld_5120_5120_248320_rw_1_bias_None,Gemm_Hipblaslt_123372,2.24686
ScaledGemmTunableOp_Float8_e4m3fn_Float8_e4m3fn_BFloat16_TN,tn_248320_6_5120_ld_5120_5120_248320_rw_1_bias_None,Gemm_Hipblaslt_123374,2.32418
ScaledGemmTunableOp_Float8_e4m3fn_Float8_e4m3fn_BFloat16_TN,tn_248320_7_5120_ld_5120_5120_248320_rw_1_bias_None,Gemm_Hipblaslt_123372,2.32824
ScaledGemmTunableOp_Float8_e4m3fn_Float8_e4m3fn_BFloat16_TN,tn_248320_8_5120_ld_5120_5120_248320_rw_1_bias_None,Gemm_Hipblaslt_123374,2.39501
ScaledGemmTunableOp_Float8_e4m3fn_Float8_e4m3fn_BFloat16_TN,tn_248320_9_5120_ld_5120_5120_248320_rw_1_bias_None,Gemm_Hipblaslt_123372,2.4216
ScaledGemmTunableOp_Float8_e4m3fn_Float8_e4m3fn_BFloat16_TN,tn_248320_10_5120_ld_5120_5120_248320_rw_1_bias_None,Gemm_Hipblaslt_123374,2.42862
ScaledGemmTunableOp_Float8_e4m3fn_Float8_e4m3fn_BFloat16_TN,tn_248320_11_5120_ld_5120_5120_248320_rw_1_bias_None,Default,2.4535
ScaledGemmTunableOp_Float8_e4m3fn_Float8_e4m3fn_BFloat16_TN,tn_248320_12_5120_ld_5120_5120_248320_rw_1_bias_None,Default,2.46423
ScaledGemmTunableOp_Float8_e4m3fn_Float8_e4m3fn_BFloat16_TN,tn_248320_16_5120_ld_5120_5120_248320_rw_1_bias_None,Default,2.49435
